"collection","revenue"
"... Has Fallen Collection",366780087
"[REC] Collection",49107680
"101 Dalmatians (Animated) Collection",0
"101 Dalmatians (Live-Action) Collection",0
"12 Rounds Collection",17280326
"2 Days In... Collection",19776159
"20th Century Boys Collection",0
"28 Days/Weeks Later Collection",82719885
"3 Men (Original) Collection",0
"30 Days of Night Collection",0
"300 Collection",337580051
"48 Hrs. Collection",232387482
"8MM Collection",96618699
"9½ Weeks Collection",0
"976-EVIL Collection",0
"A Better Tomorrow Collection",4469460
"A Christmas Story Collection",0
"A Few Best Men Collection",29007412
"A Goofy Movie Collection",35348597
"A Haunted House Collection",0
"A Nightmare on Elm Street Collection",0
"Aashiqui Collection",0
"ABCD Collection",0
"Ace Ventura Collection",319602929
"Addams Family Collection",0
"Agent Cody Banks Collection",58795814
"Air Bud Collection",10224116
"Airplane Collection",0
"Airport Collection",147489151
"Aladdin Collection",0
"Alex Cross Collection",196059666
"Alice in Wonderland Collection",1025491110
"Alien Collection",610021801
"Alien Nation Collection",32155047
"All Dogs Go to Heaven Collection",0
"Allan Quatermain Collection",0
"Almighty Collection",173000000
"Alone in the Dark Collection",10442808
"Alpha and Omega Collection",39300000
"Alvin and the Chipmunks Collection",233755553
"Always: Sunset on Third Street Collection",33053559
"American Graffiti Collection",15014674
"American Ninja Collection",10499694
"American Pie Collection",523036599
"American Psycho Collection",0
"Anaconda Collection",0
"Analyze Collection",176885658
"Anchorman Collection",0
"Anglo-Zulu War Collection",0
"Annabelle Collection",255273813
"Annie Collection",57059003
"Another Gay Movie Collection",0
"Ant-Man Collection",0
"Appleseed Collection",1461989
"Arthur and the Invisibles Collection",0
"Arthur Collection",14681192
"Asterix and Obelix Collection",134544060
"Atlantis Collection",186053725
"Atlas Shrugged Collection",5474079
"Austin Powers Collection",0
"Avatar Collection",0
"AVP Collection",0
"Babe Collection",254134910
"Bachelor Party Collection",0
"Back to the Future Collection",576527583
"Bad Boys Collection",141407024
"Bad Santa Collection",0
"Bahubali Collection",0
"Balto Collection",11348324
"Bambi Collection",0
"Barbershop Collection",75781642
"Barbie A Mermaid Tale Collection",0
"Basic Instinct Collection",352927224
"Batman (DC Universe Animated) Collection",0
"Batman Collection",518207122
"Bats Collection",10
"Battle Royale Collection",0
"Beastmaster Collection",14056528
"Beauty and the Beast Collection",0
"Beethoven Collection",147214049
"Before... Collection",27169084
"Behind Enemy Lines Collection",91753202
"Benvenuti al... Collection",0
"Best Exotic Marigold Hotel Collection",0
"Best of the Best Collection",0
"Beverly Hills Chihuahua Collection",0
"Beverly Hills Cop Collection",0
"Billy Jack Collection",36000000
"Blade Collection",128905366
"Blade Runner Collection",0
"Blair Witch Collection",248000000
"BloodRayne Collection",2405420
"Bloodsport Collection",11806119
"Blue Collar Comedy Tour Collection",0
"Blue Crush Collection",0
"Bon Cop Bad Cop Collection",0
"Borsalino Collection",3
"Brancaleone Collection",0
"Bridget Jones Collection",211952420
"Bring It On Collection",0
"Brooklyn Cigar Store Collection",8349430
"Bummer Collection",0
"Burnt by the Sun Trilogy",2616503
"C.H.U.D. Collection",0
"Caddyshack Collection",39846344
"Candyman Collection",0
"Cannonball Run Collection",72179579
"Captain America Collection",714766572
"Captain Harlock Collection",17137302
"Care Bears Collection",2608000
"Carnosaur Collection",0
"Carrie Collection",0
"Cars Collection",1372005602
"Casper Collection",0
"Cat People Collection",4000000
"Cats & Dogs Collection",93375151
"Center Stage Collection",0
"Cetto La Qualunque - Collezione",8927600
"Cheaper by the Dozen Collection",0
"Cheech & Chong Collection",21134374
"Children of the Corn Collection",14000000
"Chili Palmer Collection",95226116
"Cinderella Collection",0
"Cinderella Story Collection",70067909
"Cirque du Soleil Collection",34153101
"City Slickers Collection",0
"Clash of the Titans Collection",301000000
"Class of 1999 Collection",2459895
"Clerks Collection",30039506
"Cloudy with a Chance of Meatballs Collection",0
"Cocaine Cowboys",163000
"Cocoon Collection",85313124
"Conan the Barbarian Collection",100000000
"Constantine Collection",230884728
"Crank Collection",34560577
"Creature From The Black Lagoon (Universal Series)",1300000
"Creepshow Collection",21028755
"Critters Collection",0
"Crocodile Dundee Collection",239606210
"Crouching Tiger, Hidden Dragon Collection",0
"Cruel Intentions Collection",0
"Cube Collection",0
"Curious George Collection",0
"Cyborg Collection",0
"Daddy Day Camp Collection",182631265
"Dark Planet Collection",5873871
"Dark World Collection",0
"Darkman Collection",48878502
"Darko Collection",4100000
"Dead Snow Collection",2022135
"Deadpool Collection",783112979
"Death Note Collection",58024400
"Death Race Collection",73762516
"Death Race Original Collection",0
"Death Wish Collection",1702394
"Deathstalker Collection",0
"Demetrius Filmreihe",36000000
"Dennis the Menace Collection",117270765
"Department Q series",0
"Despicable Me Collection",0
"Detective Dee Collection",124011068
"Deuce Bigalow Collection",0
"Dhoom Series",91000000
"Diary of a Wimpy Kid Collection",189649714
"Die Hard Collection",0
"Dirty Dancing Collection",213954274
"Dirty Harry Collection",107410693
"Disneys Große Pause",0
"District 13 Collection",9584131
"Divergent Collection",0
"Django - Original films",17277
"Dolphin Tale Collection",95404397
"Doraemon Collection",83061158
"Dorm Daze Collection",0
"Dr. Dolittle Collection",294456605
"Dracula (Hammer Series)",909413
"Dracula (Universal Series)",1012189
"Dracula 2000 Collection",33000337
"Dragon Ball Z (Movie) Collection",0
"DragonHeart Collection",0
"Dumb and Dumber Collection",0
"Dungeons & Dragons Collection",0
"East is East Collection",3867000
"Eddie and the Cruisers Collection",0
"El pico - Colección",2264522
"Elektra Luxx Collection",10
"Elements Trilogy",0
"Elite Squad Collection",0
"Elizabeth Collection",82150642
"Elvira Collection",0
"Encounters of the Spooky Kind Collection",0
"Enter the Ninja Collection",13168027
"Erkan & Stefan Filmreihe",0
"Ernest Collection",0
"Escape From ... Collection",92522065
"Evangelion Collection",20000000
"Evil Dead Collection",35323044
"Eye of the Dolphin Collection",71904
"F.C. De Kampioenen Collectie",0
"F*ck You, Goethe Collection",83027924
"F/X Collection",0
"Fanny Brice Collection",0
"Fantasia Collection",0
"Fantastic Beasts Collection",0
"Fantastic Four Collection",330579719
"Father of the Bride Collection",76578911
"Feast Collection",0
"FernGully Collection",32710894
"Fievel Collection",0
"Fifty Shades Collection",0
"Final Destination Collection",208145563
"Final Fantasy Collection",0
"Finding Nemo Collection",1028570889
"Firestarter Collection",0
"Fist of the North Star: The Legends of the True Savior",0
"Fletch Collection",94763848
"Fortress Collection",0
"Frankenstein (Universal Series)",0
"Free Willy Collection",153698625
"French Connection Collection",41158757
"Friday Collection",28215918
"Friday the 13th Collection",288478749
"Fright Night (Reboot) Collection",24922237
"Fright Night Collection",0
"From Dusk Till Dawn Collection",25836616
"Frozen Collection",0
"Fullmetal Alchemist Collection",0
"G.I. Joe (Live-Action) Collection",0
"Gangs of Wasseypur Collection",0
"Garfield Collection",0
"Ghost in the Shell Collection",2287714
"Ghost in the Shell: Arise",0
"Ghost Rider Collection",149217355
"Ghostbusters Collection",215394738
"Ghoulies Collection",0
"Goal! Collection",27610873
"God of Gamblers Collection",0
"Godzilla (Heisei) Collection",4100000
"Godzilla (Millennium) Collection",0
"Goon Collection",6483963
"Grease Collection",0
"Green Street Hooligans Collection",0
"Grindhouse Collection",0
"Grown Ups Collection",0
"Guardians of the Galaxy Collection",1636744770
"Halloween (Rob Zombie Series) Collection",0
"Halloween Collection",67075866
"Hamilton Collection",0
"Happy Feet Collection",384335608
"Hard Target Collection",0
"Harold & Kumar Collection",43493123
"Harry Potter Collection",1810647679
"Hatchet Collection",52604
"Heart of Gold Collection",0
"Hellboy Collection",0
"Hellraiser Collection",29209961
"Henry Fool Collection",0
"Herbie Collection",66002004
"Hercules (Lou Ferrigno) Collection",10676194
"High School Musical Collection",0
"Highlander Collection",52356340
"Hitman Collection",99965753
"Hollow Man Collection",0
"Home Alone Collection",0
"Homeward Bound Collection",32709423
"Honey Collection",0
"Honey, I Shrunk the Kids Collection",58662452
"Hoodwinked! Collection",0
"Hooked Collection",2294357
"Horrible Bosses Collection",0
"Hostel Collection",0
"Hot Shots! Collection",0
"Hot Tub Time Machine Collection",12314651
"Hotel Transylvania Collection",473226958
"House Collection",0
"House of 1000 Corpses Collection",16829545
"House of the Dead Collection",13818181
"House on Haunted Hill Collection",40846082
"House Party Collection",0
"How to Train Your Dragon Collection",609123048
"I Know What You Did Last Summer Collection",165588246
"I Spit on Your Grave Collection",572809
"Ice Age Collection",NA
"Independence Day Collection",0
"Indiana Jones Collection",1593807839
"Infernal Affairs Collection",0
"Insidious Collection",0
"Into the Blue Collection",0
"Ip Man Collection",178733351
"Iron Man Collection",0
"Iron Sky Collection",8135031
"Ivan Tsarevich & the Grey Wolf Collection",18315000
"Jack Reacher Collection",218340595
"Jackass Collection",72778712
"James Bond Collection",NA
"Jarhead Collection",96889998
"Jeepers Creepers Collection",59217789
"Jingle All the Way Collection",129832389
"Joe Dirt Collection",0
"John Wick Collection",171539887
"Johnny English Collection",160583018
"Journey Collection",0
"Joy Ride Collection",36642838
"Jump Street Collection",188441614
"Jurassic Park Collection",920100000
"Justice League (Animated) Collection",0
"K-9 Collection",78247647
"Keinohrhasen Filmreihe",48720000
"Kick-Ass Collection",156888903
"Kickboxer Collection",15947717
"Kidulthood Collection",0
"Kill Bill Collection",180949000
"Kindergarten Cop Collection",0
"King Kong (1933 series)",0
"King Kong (1976 series)",90614445
"Kingsman Collection",0
"Kokowääh Filmreihe",0
"Korengal Valley Documentaries",0
"Kung Fu Panda Collection",0
"Kvartet I Collection",4314688
"La cage aux folles",0
"Lady and the Tramp Collection",93600000
"Lake Placid Collection",0
"Legally Blonde Collection",124914842
"Leprechaun Collection (Original Series)",2260622
"Lethal Weapon Collection",120207127
"Lew Harper Collection",12000000
"Lilo & Stitch Collection",0
"Living Dead Collection",0
"Los Leguineche - Colección",1622164
"Lost Boys Collection",32222567
"Love in the City Collection",10198357
"Lovey-Dovey Collection",0
"Machete Collection",31327899
"Mad Max Collection",403459172
"Madagascar Collection",373552094
"Magic Mike Collection",0
"Major Korenev Trilogy",340312
"Major League Collection",53369591
"Mall Cop Collection",290890373
"Mamma Mia! Collection",0
"Man of Steel Collection",662845518
"Mannequin Collection",3752426
"Marley & Me Collection",0
"Masti Collection",47000000
"Max (Collection)",0
"Mean Girls Collection",129042871
"Mechanic Collection",51070807
"Meet the Parents Collection",330444045
"Men In Black Collection",0
"Mexico Trilogy",125631947
"Mimic Collection",25480490
"Mirrors Collection",0
"Miss Congeniality Collection",212000000
"Missing in Action Collection",39761759
"Mission: Impossible Collection",694713380
"Mommies Collection",0
"Monsters Collection",0
"Monsters, Inc. Collection",0
"Mortal Kombat Collection",0
"Mr. Bean Collection",229736344
"Mulan Collection",0
"My Big Fat Greek Wedding Collection",457667295
"My Bloody Valentine Collection",0
"Naked Gun Collection",0
"Nanny McPhee Collection",0
"Naruto Collection",0
"National Lampoon’s Van Wilder Collection",6086508
"National Treasure Collection",804815062
"Navarone Collection",28900000
"Neighbors Collection",0
"Never Back Down Collection",41627431
"New Kids Collection",0
"Night at the Museum Collection",0
"Night of the Demons Collection",0
"Niko - Coleccion",0
"No Retreat, No Surrender Collection",0
"Now You See Me Collection",117698894
"Nymphomaniac Collection",0
"Oh, God! Collection",0
"Omega Code Series",0
"Once Upon a Time in China Collection",30399676
"Once were Warriors Collection",0
"One Piece Collection",0
"Ong Bak Collection",0
"Open Season Collection",0
"Open Water Collection",0
"Ouija Collection",81705746
"Pacific Rim Collection",0
"Paradise Trilogy",0
"Paranormal Activity Collection",628239982
"Percy Jackson Collection",401075960
"Pet Sematary Collection",74561920
"Peter Pan Collection",197267333
"Phantasm Collection",7282851
"Philo & Clyde Collection",85
"Piranha 3D Collection",0
"Pirates of the Caribbean Collection",NA
"Pitch Perfect Collection",115350426
"Planes Collection",151165787
"Planet of the Apes (Reboot) Collection",369907963
"Planet of the Apes Original Collection",37544313
"Pocahontas Collection",346079773
"Pokémon Collection",325114923
"Police Academy Collection",158318094
"Police Story Collection",21890845
"Poltergeist Collection",40996665
"Power Rangers Collection",66000000
"Predator Collection",183369131
"Prom Night Collection",2683519
"Prometheus Collection",403170142
"Psycho Collection",49206606
"Puella Magi Madoka Magica: The Movie",0
"Pulse Collection",29907685
"Pumpkinhead Collection",0
"Qatsi Collection",2326424
"Quarantine Collection",40855419
"Rambo Collection",727873237
"Re-Animator Collection",0
"Rebuild of Evangelion",41162041
"Recep İvedik Serisi",154851495
"Red Cliff Collection",121059225
"RED Collection",0
"Resident Evil Collection",955614827
"Return of the Living Dead Collection",0
"Revenge of the Nerds Collection",22642033
"Ride Along Collection",124827316
"Ringu Collection",8690429
"Rio Collection",500188435
"Road House Collection",0
"Road Trip Collection",0
"Robert Langdon Collection",220021259
"RoboCop Collection",242688965
"Rocky Collection",707363665
"Rocky Horror Collection",112892319
"Romancing the Stone Collection",0
"Rugrats Collection",100491683
"Rurouni Kenshin Live-Action Collection",61700000
"Rush Hour Collection",849734899
"S.W.A.T. Collection",116643346
"Sällskapsresorna",5010362
"Samurai Trilogy",7338987
"Sarkar Collection",5900000
"Saturday Night Fever Collection",0
"Save The Last Dance Collection",91038276
"Saw Collection",240062103
"Scanners Collection",0
"Scary Movie Collection",497619193
"Scooby-Doo Collection",181466833
"Scream Collection",161834276
"Screamers Collection",0
"Sex and the City Collection",415252786
"Sex and Zen Collection",396003
"Shadow Boxing Collection",8262833
"Shaft Collection",107196498
"Shanghai Noon Collection",0
"Shaolin Temple Collection",3554460
"Sherlock Holmes Collection",0
"Short Circuit Collection",0
"Showgirls Collection",0
"Shrek Collection",0
"Silent Hill Collection",0
"Silent Night, Deadly Night Collection",0
"Sin City Collection",158733820
"Singam Collection",9700000
"Singham Collection",25034000
"Single White Female Collection",0
"Sinister Collection",52882018
"Sister Act Collection",0
"Síť (kolekce)",0
"Six Degrees of Celebration Collection",0
"Slap Shot Collection",0
"Sleuth Collection",0
"Smokey and the Bandit Collection",192870054
"Sniper Collection",0
"Snow Queen Collection",0
"Space Chimps Collection",0
"Space Dogs",6500000
"Species Collection",132539663
"Speed Collection",164508066
"Spider-Man Collection",0
"Splash Collection",0
"SpongeBob Collection",0
"Spy Kids Collection",147934180
"Stake Land Collection",33245
"Star Trek: Alternate Reality Collection",0
"Star Trek: The Next Generation Collection",120000000
"Star Trek: The Original Series Collection",290200000
"Star Wars Collection",1499398328
"Stargate SG-1 Collection",8900000
"Starship Troopers Collection",121214377
"State Property Collection",0
"Step Up Collection",265011547
"Stir of Echoes Collection",21133087
"Stomp the Yard Collection",0
"Street Fighter",0
"Street Kings Collection",0
"StreetDance Collection",53447
"Stuart Little Collection",0
"Super Size Me Collection",0
"Super Troopers Collection",18492362
"Superman Collection",581539898
"Swamp Thing Collection",192816
"Swan Princess Series",10045302
"Taken Collection",0
"Tales from the Crypt Collection",5600000
"Tangled Collection",0
"Tanu Weds Manu Collection",0
"Tarzan (Animation) Collection",448000000
"Taxi Collection",126223372
"Ted Collection",766390903
"Teenage Apocalypse Trilogy",0
"Teenage Mutant Ninja Turtles (Original) Collection",0
"Teenage Mutant Ninja Turtles (Remake) Collection",245623848
"Tekken Collection",0
"Texas Chainsaw (Reboot) Collection",0
"Texas Chainsaw Massacre Collection",5951460
"The ABCs of Death Collection",7171
"The Amazing Spider-Man Collection",0
"The Amityville Horror Collection",108047131
"The Angrez Collection",0
"The Apu Collection",536364
"The Are We Collection",0
"The Arrival Collection",14048372
"The Art of War Collection",30199105
"The Avengers Collection",NA
"The Bad New Bears Collection",0
"The Best Man Collection",0
"The Black Stallion Collection",37799643
"The Blue Lagoon collection",61660960
"The Blues Brothers Collection",14051384
"The Boogeyman Collection",67192859
"The Boondock Saints Collection",30471
"The Bourne Collection",565073155
"The Butterfly Effect Collection",96060858
"The Cabin Fever Collection",30553394
"The Cell Collection",0
"The Chronicles of Narnia Collection",1168458370
"The Chronicles of Riddick Collection",0
"The Collector Collection",0
"The Condemned Collection",0
"The Conjuring Collection",638170149
"The Croods Collection",0
"The Crow Collection",0
"The Cutting Edge Collection",0
"The Dark Knight Collection",NA
"The Delta Force Collection",6698361
"The Dirty Dozen Collection",0
"The Disappearance Of Eleanor Rigby",985007
"The Dukes Of Hazzard Collection",0
"The Exorcist Collection",519306731
"The Expendables Collection",480642938
"The Eye Collection",0
"The Fast and the Furious Collection",NA
"The Flintstones (Live-Action) Collection",59468275
"The Fly (1958 series)",3000000
"The Fly Collection",0
"The Fox and the Hound Collection",0
"The Fugitive / U.S. Marshals Collection",102367405
"The Godfather Collection",381832473
"The Gods Must Be Crazy Collection",0
"The Gremlins Collection",194565309
"The Grudge Collection",38610009
"The Hangover Collection",821270691
"The Hannibal Lecter Anthology",351692268
"The Haunting in Connecticut Collection",0
"The Hills Have Eyes (Original) Collection",25000000
"The Hills Have Eyes (Reboot) Collection",0
"The Hitcher (1986) Collection",5844868
"The Hobbit Collection",1979503568
"The Howling Collection",0
"The Hunchback of Notre Dame Collection",0
"The Hunger Games Collection",653428261
"The Huntsman Collection",0
"The Hustler Collection",59893982
"The Inbetweeners Collection",0
"The Incredibles Collection",631442092
"The Invisible Man (Universal Series)",0
"The Jack Ryan Collection",228600694
"The Jake Gittes Collection",0
"The Jaws Collection",610522068
"The Jungle Book Collection",135680000
"The Karate Kid Collection",115103979
"The Klapisch Trilogy",27625100
"The Land Before Time Collection",0
"The Last Exorcism Collection",15179302
"The Last Picture Show Collection",0
"The Lawnmower Man Collection",0
"The Legend Collection",3956913
"The Lego Movie Collection",0
"The Lion King Collection",788241776
"The Little Mermaid Collection",222300000
"The Lord of the Rings Animated Collection",30471420
"The Lord of the Rings Collection",1797655764
"The Magnificent Seven Collection",4905000
"The Man From Snowy River Collection",0
"The Man With No Name Collection",0
"The Man with the Iron Fists Collection",0
"The Marine Collection",22165608
"The Mask Collection",351583407
"The Matrix Collection",0
"The Matt Helm Collection",0
"The Maze Runner Collection",311256926
"The Mesrine Collection",0
"The Messengers Collection",0
"The Mighty Ducks Collection",0
"The Millennium Collection",66995253
"The Mummy Collection",0
"The Muppet Collection",110984391
"The Neverending Story Collection",20158808
"The Nutty Professor Collection",0
"The Odd Couple Collection",44527234
"The Omen Collection",20471382
"The Philadelphia Experiment - Collezione",2970
"The Pink Panther (Original) Collection",121588974
"The Pink Panther (Steve Martin) Collection",0
"The Poseidon Adventure Collection",0
"The Postman Collection",0
"The Princess Diaries Collection",260484588
"The Prophecy Collection",0
"The Protector Collection",0
"The Purge Collection",108782847
"The Raid Collection",2627209
"The Rescuers Collection",0
"The Ring Collection",244532428
"The Saint Collection",118063304
"The Sandlot Collection",0
"The Santa Clause Collection",84500122
"The Scorpion King Collection",165333180
"The Secret Life of Pets Collection",0
"The Secret Of NIMH Collection",0
"The Shadow Collection",0
"The Sinbad Collection",0
"The Sisterhood of the Traveling Pants Collection",44352417
"The Skulls Collection",0
"The Smurfs (Theatrical) Collection",347434178
"The Space Odyssey Series",40400657
"The Stepfather Collection",1519796
"The Sting Collection",6347072
"The Terminator Collection",513371200
"The Thin Man Collection",0
"The Thing Collection",28128670
"The Three Mothers Collection",0
"The Transporter Collection",129096571
"The Trip Collection",0
"The Twilight Collection",1408318809
"The Up Series",238073
"The Vampire Chronicles",223664608
"The Vengeance Collection",40738250
"The Waxwork Collection",0
"The Whole Nine/Ten Yards Collection",132527432
"The Wolverine Collection",1405305345
"The Woman in Black Collection",0
"The Work and the Glory Collection",0
"The X-Files Collection",68369434
"They Call Me Bruce Collection",0
"Think Like a Man Collection",0
"This is England Collection",8176544
"Thor Collection",0
"Three Heroes Collection",24209008
"Till Luck Do Us Part Collection",0
"Timecop Collection",101646581
"Tinker Bell Collection",20300000
"Tiny Times Collection",79
"Tomb Raider Collection",0
"Tooth Fairy Collection",112462508
"Torrente Collection",0
"Toy Story Collection",373554033
"Trailer Park Boys Collection",3833507
"Trainspotting Collection",16491080
"Transformers Collection",NA
"Tremors Collection",48572000
"Troll Collection",0
"TRON Collection",433062763
"Tulse Luper",25800
"Turbulence Collection",11466088
"Ultimate Avengers Collection",7900000
"Under Siege Collection",0
"Underworld Collection",0
"Undisputed Collection",0
"Universal Soldier Collection",875386
"Urban Legend",111101957
"USA: Land of Opportunities Collection",0
"V/H/S Collection",122178
"Vacancy Collection",0
"Vampires Suck Collection",80547866
"Van Helsing Collection",300257475
"Vixens Collection",0
"Viy Collection",0
"Waiting Collection",0
"Walking Tall Collection",0
"Wall Street Collection",178596090
"Wallace & Gromit Collection",192452832
"Wanted - Collection",0
"WarGames Collection",0
"We Are From The Future Collection",8910819
"Welcome Collection",0
"What the Bleep! Collection",10138913
"When a Stranger Calls Collection",0
"White Fang Collection",0
"White Noise Collection",0
"Why Did I Get Married Collection",0
"Wild Things Collection",0
"Wishmaster Collection",0
"Witch Mountain Collection",0
"Witchboard Collection",168180
"Without a Paddle Collection",0
"Wolf Creek Collection",0
"Wolf Warriors Collection",80000000
"Wonder Woman Collection",820580447
"World of Watches Collection",70862717
"World War Z Collection",531865000
"Would I Lie to You? Collection",72156000
"Wreck-It Ralph Collection",471222889
"Wrong Turn Collection",0
"X-Men Collection",867071104
"xXx Collection",0
"Yossi Collection",0
"Young Guns Collection",0
"Zoolander Collection",0
"Zorro Collection",392688588
"ДухLess (Коллекция)",0
"Ирония судьбы (Коллекция)",55635037
"Самый лучший фильм - Коллекция",9816332
